"date","lane","sampleID","strain","hs","fed","index","hsHLH1","mes2","salmonCountFiles","hlh1exp","replicate","infoNames","stage_all","stage_germline","stage_soma"
150715,"L001","HUZ-33","200","noHs","fed","ATCACG","hsHLH1","wt","150715_SND104_A_L001_HUZ-33_R1/quant.sf","noHLH1","1","200_fed_noHs_hsHLH1_wt_HUZ-33_1","L2","L2","L2"
150715,"L001","HUZ-34","218","noHs","fed","CGATGT","wt","wt","150715_SND104_A_L001_HUZ-34_R1/quant.sf","noHLH1","1","218_fed_noHs_wt_wt_HUZ-34_1","L2","L1","L2"
150715,"L001","HUZ-35","285","noHs","fed","TTAGGC","hsHLH1","mes2","150715_SND104_A_L001_HUZ-35_R1/quant.sf","noHLH1","1","285_fed_noHs_hsHLH1_mes2_HUZ-35_1","L2","L1","L2"
150715,"L001","HUZ-36","284","noHs","fed","TGACCA","wt","mes2","150715_SND104_A_L001_HUZ-36_R1/quant.sf","noHLH1","1","284_fed_noHs_wt_mes2_HUZ-36_1","L2","L1","L2"
150715,"L001","HUZ-37","200","noHs","starved","ACAGTG","hsHLH1","wt","150715_SND104_A_L001_HUZ-37_R1/quant.sf","noHLH1","1","200_starved_noHs_hsHLH1_wt_HUZ-37_1","L2","L1","L2"
150715,"L001","HUZ-38","218","noHs","starved","GCCAAT","wt","wt","150715_SND104_A_L001_HUZ-38_R1/quant.sf","noHLH1","1","218_starved_noHs_wt_wt_HUZ-38_1","L2","L1","L2"
150715,"L001","HUZ-39","200","hs","fed","CAGATC","hsHLH1","wt","150715_SND104_A_L001_HUZ-39_R1/quant.sf","HLH1exp","1","200_fed_hs_hsHLH1_wt_HUZ-39_1","L3","L3","L3"
150715,"L001","HUZ-40","218","hs","fed","ACTTGA","wt","wt","150715_SND104_A_L001_HUZ-40_R1/quant.sf","noHLH1","1","218_fed_hs_wt_wt_HUZ-40_1","L3","L3","L3"
150715,"L001","HUZ-41","285","hs","fed","GATCAG","hsHLH1","mes2","150715_SND104_A_L001_HUZ-41_R1/quant.sf","HLH1exp","1","285_fed_hs_hsHLH1_mes2_HUZ-41_1","L2","L2","L2"
150715,"L001","HUZ-42","284","hs","fed","TAGCTT","wt","mes2","150715_SND104_A_L001_HUZ-42_R1/quant.sf","noHLH1","1","284_fed_hs_wt_mes2_HUZ-42_1","L2","L2","L2"
150715,"L001","HUZ-43","200","hs","starved","GGCTAC","hsHLH1","wt","150715_SND104_A_L001_HUZ-43_R1/quant.sf","HLH1exp","1","200_starved_hs_hsHLH1_wt_HUZ-43_1","L2","L2","L2"
150715,"L001","HUZ-44","218","hs","starved","CTTGTA","wt","wt","150715_SND104_A_L001_HUZ-44_R1/quant.sf","noHLH1","1","218_starved_hs_wt_wt_HUZ-44_1","L2","L2","L3"
150715,"L001","HUZ-45","285","hs","starved","AGTCAACA","hsHLH1","mes2","150715_SND104_A_L001_HUZ-45_R1/quant.sf","HLH1exp","1","285_starved_hs_hsHLH1_mes2_HUZ-45_1","L2","L2","L2"
150715,"L001","HUZ-46","284","hs","starved","AGTTCCGT","wt","mes2","150715_SND104_A_L001_HUZ-46_R1/quant.sf","noHLH1","1","284_starved_hs_wt_mes2_HUZ-46_1","L2","L2","L2"
150715,"L001","HUZ-47","200","noHs","fed","ATGTCAGA","hsHLH1","wt","150715_SND104_A_L001_HUZ-47_R1/quant.sf","noHLH1","1","200_fed_noHs_hsHLH1_wt_HUZ-47_1","L2","L1","L2"
150715,"L001","HUZ-48","218","noHs","fed","CCGTCCCG","wt","wt","150715_SND104_A_L001_HUZ-48_R1/quant.sf","noHLH1","1","218_fed_noHs_wt_wt_HUZ-48_1","L1","L1","L2"
150715,"L002","HUZ-33","200","noHs","fed","ATCACG","hsHLH1","wt","150715_SND104_A_L002_HUZ-33_R1/quant.sf","noHLH1","2","200_fed_noHs_hsHLH1_wt_HUZ-33_2","L2","L2","L2"
150715,"L002","HUZ-34","218","noHs","fed","CGATGT","wt","wt","150715_SND104_A_L002_HUZ-34_R1/quant.sf","noHLH1","2","218_fed_noHs_wt_wt_HUZ-34_2","L2","L1","L2"
150715,"L002","HUZ-35","285","noHs","fed","TTAGGC","hsHLH1","mes2","150715_SND104_A_L002_HUZ-35_R1/quant.sf","noHLH1","2","285_fed_noHs_hsHLH1_mes2_HUZ-35_2","L2","L1","L2"
150715,"L002","HUZ-36","284","noHs","fed","TGACCA","wt","mes2","150715_SND104_A_L002_HUZ-36_R1/quant.sf","noHLH1","2","284_fed_noHs_wt_mes2_HUZ-36_2","L2","L1","L2"
150715,"L002","HUZ-37","200","noHs","starved","ACAGTG","hsHLH1","wt","150715_SND104_A_L002_HUZ-37_R1/quant.sf","noHLH1","2","200_starved_noHs_hsHLH1_wt_HUZ-37_2","L2","L1","L2"
150715,"L002","HUZ-38","218","noHs","starved","GCCAAT","wt","wt","150715_SND104_A_L002_HUZ-38_R1/quant.sf","noHLH1","2","218_starved_noHs_wt_wt_HUZ-38_2","L2","L1","L2"
150715,"L002","HUZ-39","200","hs","fed","CAGATC","hsHLH1","wt","150715_SND104_A_L002_HUZ-39_R1/quant.sf","HLH1exp","2","200_fed_hs_hsHLH1_wt_HUZ-39_2","L3","L3","L3"
150715,"L002","HUZ-40","218","hs","fed","ACTTGA","wt","wt","150715_SND104_A_L002_HUZ-40_R1/quant.sf","noHLH1","2","218_fed_hs_wt_wt_HUZ-40_2","L3","L3","L3"
150715,"L002","HUZ-41","285","hs","fed","GATCAG","hsHLH1","mes2","150715_SND104_A_L002_HUZ-41_R1/quant.sf","HLH1exp","2","285_fed_hs_hsHLH1_mes2_HUZ-41_2","L2","L2","L2"
150715,"L002","HUZ-42","284","hs","fed","TAGCTT","wt","mes2","150715_SND104_A_L002_HUZ-42_R1/quant.sf","noHLH1","2","284_fed_hs_wt_mes2_HUZ-42_2","L2","L2","L2"
150715,"L002","HUZ-43","200","hs","starved","GGCTAC","hsHLH1","wt","150715_SND104_A_L002_HUZ-43_R1/quant.sf","HLH1exp","2","200_starved_hs_hsHLH1_wt_HUZ-43_2","L2","L2","L2"
150715,"L002","HUZ-44","218","hs","starved","CTTGTA","wt","wt","150715_SND104_A_L002_HUZ-44_R1/quant.sf","noHLH1","2","218_starved_hs_wt_wt_HUZ-44_2","L2","L2","L3"
150715,"L002","HUZ-45","285","hs","starved","AGTCAACA","hsHLH1","mes2","150715_SND104_A_L002_HUZ-45_R1/quant.sf","HLH1exp","2","285_starved_hs_hsHLH1_mes2_HUZ-45_2","L2","L2","L2"
150715,"L002","HUZ-46","284","hs","starved","AGTTCCGT","wt","mes2","150715_SND104_A_L002_HUZ-46_R1/quant.sf","noHLH1","2","284_starved_hs_wt_mes2_HUZ-46_2","L2","L2","L2"
150715,"L002","HUZ-47","200","noHs","fed","ATGTCAGA","hsHLH1","wt","150715_SND104_A_L002_HUZ-47_R1/quant.sf","noHLH1","2","200_fed_noHs_hsHLH1_wt_HUZ-47_2","L2","L1","L2"
150715,"L002","HUZ-48","218","noHs","fed","CCGTCCCG","wt","wt","150715_SND104_A_L002_HUZ-48_R1/quant.sf","noHLH1","2","218_fed_noHs_wt_wt_HUZ-48_2","L1","L1","L2"
150715,"L003","HUZ-33","200","noHs","fed","ATCACG","hsHLH1","wt","150715_SND104_A_L003_HUZ-33_R1/quant.sf","noHLH1","3","200_fed_noHs_hsHLH1_wt_HUZ-33_3","L2","L2","L2"
150715,"L003","HUZ-34","218","noHs","fed","CGATGT","wt","wt","150715_SND104_A_L003_HUZ-34_R1/quant.sf","noHLH1","3","218_fed_noHs_wt_wt_HUZ-34_3","L2","L1","L2"
150715,"L003","HUZ-35","285","noHs","fed","TTAGGC","hsHLH1","mes2","150715_SND104_A_L003_HUZ-35_R1/quant.sf","noHLH1","3","285_fed_noHs_hsHLH1_mes2_HUZ-35_3","L2","L1","L2"
150715,"L003","HUZ-36","284","noHs","fed","TGACCA","wt","mes2","150715_SND104_A_L003_HUZ-36_R1/quant.sf","noHLH1","3","284_fed_noHs_wt_mes2_HUZ-36_3","L2","L1","L2"
150715,"L003","HUZ-37","200","noHs","starved","ACAGTG","hsHLH1","wt","150715_SND104_A_L003_HUZ-37_R1/quant.sf","noHLH1","3","200_starved_noHs_hsHLH1_wt_HUZ-37_3","L2","L1","L2"
150715,"L003","HUZ-38","218","noHs","starved","GCCAAT","wt","wt","150715_SND104_A_L003_HUZ-38_R1/quant.sf","noHLH1","3","218_starved_noHs_wt_wt_HUZ-38_3","L2","L1","L2"
150715,"L003","HUZ-39","200","hs","fed","CAGATC","hsHLH1","wt","150715_SND104_A_L003_HUZ-39_R1/quant.sf","HLH1exp","3","200_fed_hs_hsHLH1_wt_HUZ-39_3","L3","L3","L3"
150715,"L003","HUZ-40","218","hs","fed","ACTTGA","wt","wt","150715_SND104_A_L003_HUZ-40_R1/quant.sf","noHLH1","3","218_fed_hs_wt_wt_HUZ-40_3","L3","L3","L3"
150715,"L003","HUZ-41","285","hs","fed","GATCAG","hsHLH1","mes2","150715_SND104_A_L003_HUZ-41_R1/quant.sf","HLH1exp","3","285_fed_hs_hsHLH1_mes2_HUZ-41_3","L2","L2","L2"
150715,"L003","HUZ-42","284","hs","fed","TAGCTT","wt","mes2","150715_SND104_A_L003_HUZ-42_R1/quant.sf","noHLH1","3","284_fed_hs_wt_mes2_HUZ-42_3","L2","L2","L2"
150715,"L003","HUZ-43","200","hs","starved","GGCTAC","hsHLH1","wt","150715_SND104_A_L003_HUZ-43_R1/quant.sf","HLH1exp","3","200_starved_hs_hsHLH1_wt_HUZ-43_3","L2","L2","L2"
150715,"L003","HUZ-44","218","hs","starved","CTTGTA","wt","wt","150715_SND104_A_L003_HUZ-44_R1/quant.sf","noHLH1","3","218_starved_hs_wt_wt_HUZ-44_3","L2","L2","L3"
150715,"L003","HUZ-45","285","hs","starved","AGTCAACA","hsHLH1","mes2","150715_SND104_A_L003_HUZ-45_R1/quant.sf","HLH1exp","3","285_starved_hs_hsHLH1_mes2_HUZ-45_3","L2","L2","L2"
150715,"L003","HUZ-46","284","hs","starved","AGTTCCGT","wt","mes2","150715_SND104_A_L003_HUZ-46_R1/quant.sf","noHLH1","3","284_starved_hs_wt_mes2_HUZ-46_3","L2","L2","L2"
150715,"L003","HUZ-47","200","noHs","fed","ATGTCAGA","hsHLH1","wt","150715_SND104_A_L003_HUZ-47_R1/quant.sf","noHLH1","3","200_fed_noHs_hsHLH1_wt_HUZ-47_3","L2","L1","L2"
150715,"L003","HUZ-48","218","noHs","fed","CCGTCCCG","wt","wt","150715_SND104_A_L003_HUZ-48_R1/quant.sf","noHLH1","3","218_fed_noHs_wt_wt_HUZ-48_3","L1","L1","L2"
150715,"L004","HUZ-49","285","noHs","fed","GTCCGCAC","hsHLH1","mes2","150715_SND104_A_L004_HUZ-49_R1/quant.sf","noHLH1","4","285_fed_noHs_hsHLH1_mes2_HUZ-49_4","L2","L1","L2"
150715,"L004","HUZ-50","284","noHs","fed","GTGAAACG","wt","mes2","150715_SND104_A_L004_HUZ-50_R1/quant.sf","noHLH1","4","284_fed_noHs_wt_mes2_HUZ-50_4","L2","L1","L2"
150715,"L004","HUZ-51","200","noHs","starved","GTGGCCTT","hsHLH1","wt","150715_SND104_A_L004_HUZ-51_R1/quant.sf","noHLH1","4","200_starved_noHs_hsHLH1_wt_HUZ-51_4","L2","L2","L2"
150715,"L004","HUZ-52","218","noHs","starved","GTTTCGGA","wt","wt","150715_SND104_A_L004_HUZ-52_R1/quant.sf","noHLH1","4","218_starved_noHs_wt_wt_HUZ-52_4","L1","L1","L1"
150715,"L004","HUZ-53","200","hs","fed","CGTACGTA","hsHLH1","wt","150715_SND104_A_L004_HUZ-53_R1/quant.sf","HLH1exp","4","200_fed_hs_hsHLH1_wt_HUZ-53_4","L2","L2","L2"
150715,"L004","HUZ-54","218","hs","fed","GAGTGGAT","wt","wt","150715_SND104_A_L004_HUZ-54_R1/quant.sf","noHLH1","4","218_fed_hs_wt_wt_HUZ-54_4","L2","L2","L2"
150715,"L004","HUZ-55","285","hs","fed","ACTGATAT","hsHLH1","mes2","150715_SND104_A_L004_HUZ-55_R1/quant.sf","HLH1exp","4","285_fed_hs_hsHLH1_mes2_HUZ-55_4","L2","L1","L2"
150715,"L004","HUZ-56","284","hs","fed","ATTCCTTT","wt","mes2","150715_SND104_A_L004_HUZ-56_R1/quant.sf","noHLH1","4","284_fed_hs_wt_mes2_HUZ-56_4","L2","L2","L2"
150715,"L004","HUZ-57","200","hs","starved","ATCACG","hsHLH1","wt","150715_SND104_A_L004_HUZ-57_R1/quant.sf","HLH1exp","4","200_starved_hs_hsHLH1_wt_HUZ-57_4","L2","L2","L2"
150715,"L004","HUZ-58","218","hs","starved","CGATGT","wt","wt","150715_SND104_A_L004_HUZ-58_R1/quant.sf","noHLH1","4","218_starved_hs_wt_wt_HUZ-58_4","L2","L2","L2"
150715,"L004","HUZ-59","285","hs","starved","TTAGGC","hsHLH1","mes2","150715_SND104_A_L004_HUZ-59_R1/quant.sf","HLH1exp","4","285_starved_hs_hsHLH1_mes2_HUZ-59_4","L2","L2","L2"
150715,"L004","HUZ-60","284","hs","starved","TGACCA","wt","mes2","150715_SND104_A_L004_HUZ-60_R1/quant.sf","noHLH1","4","284_starved_hs_wt_mes2_HUZ-60_4","L2","L2","L2"
150715,"L005","HUZ-49","285","noHs","fed","GTCCGCAC","hsHLH1","mes2","150715_SND104_A_L005_HUZ-49_R1/quant.sf","noHLH1","5","285_fed_noHs_hsHLH1_mes2_HUZ-49_5","L2","L1","L2"
150715,"L005","HUZ-50","284","noHs","fed","GTGAAACG","wt","mes2","150715_SND104_A_L005_HUZ-50_R1/quant.sf","noHLH1","5","284_fed_noHs_wt_mes2_HUZ-50_5","L2","L1","L2"
150715,"L005","HUZ-51","200","noHs","starved","GTGGCCTT","hsHLH1","wt","150715_SND104_A_L005_HUZ-51_R1/quant.sf","noHLH1","5","200_starved_noHs_hsHLH1_wt_HUZ-51_5","L2","L2","L2"
150715,"L005","HUZ-52","218","noHs","starved","GTTTCGGA","wt","wt","150715_SND104_A_L005_HUZ-52_R1/quant.sf","noHLH1","5","218_starved_noHs_wt_wt_HUZ-52_5","L1","L1","L1"
150715,"L005","HUZ-53","200","hs","fed","CGTACGTA","hsHLH1","wt","150715_SND104_A_L005_HUZ-53_R1/quant.sf","HLH1exp","5","200_fed_hs_hsHLH1_wt_HUZ-53_5","L2","L2","L2"
150715,"L005","HUZ-54","218","hs","fed","GAGTGGAT","wt","wt","150715_SND104_A_L005_HUZ-54_R1/quant.sf","noHLH1","5","218_fed_hs_wt_wt_HUZ-54_5","L2","L2","L2"
150715,"L005","HUZ-55","285","hs","fed","ACTGATAT","hsHLH1","mes2","150715_SND104_A_L005_HUZ-55_R1/quant.sf","HLH1exp","5","285_fed_hs_hsHLH1_mes2_HUZ-55_5","L2","L1","L2"
150715,"L005","HUZ-56","284","hs","fed","ATTCCTTT","wt","mes2","150715_SND104_A_L005_HUZ-56_R1/quant.sf","noHLH1","5","284_fed_hs_wt_mes2_HUZ-56_5","L2","L2","L2"
150715,"L005","HUZ-57","200","hs","starved","ATCACG","hsHLH1","wt","150715_SND104_A_L005_HUZ-57_R1/quant.sf","HLH1exp","5","200_starved_hs_hsHLH1_wt_HUZ-57_5","L2","L2","L2"
150715,"L005","HUZ-58","218","hs","starved","CGATGT","wt","wt","150715_SND104_A_L005_HUZ-58_R1/quant.sf","noHLH1","5","218_starved_hs_wt_wt_HUZ-58_5","L2","L2","L2"
150715,"L005","HUZ-59","285","hs","starved","TTAGGC","hsHLH1","mes2","150715_SND104_A_L005_HUZ-59_R1/quant.sf","HLH1exp","5","285_starved_hs_hsHLH1_mes2_HUZ-59_5","L2","L2","L2"
150715,"L005","HUZ-60","284","hs","starved","TGACCA","wt","mes2","150715_SND104_A_L005_HUZ-60_R1/quant.sf","noHLH1","5","284_starved_hs_wt_mes2_HUZ-60_5","L2","L2","L2"
150715,"L006","HUZ-49","285","noHs","fed","GTCCGCAC","hsHLH1","mes2","150715_SND104_A_L006_HUZ-49_R1/quant.sf","noHLH1","6","285_fed_noHs_hsHLH1_mes2_HUZ-49_6","L2","L1","L2"
150715,"L006","HUZ-50","284","noHs","fed","GTGAAACG","wt","mes2","150715_SND104_A_L006_HUZ-50_R1/quant.sf","noHLH1","6","284_fed_noHs_wt_mes2_HUZ-50_6","L2","L1","L2"
150715,"L006","HUZ-51","200","noHs","starved","GTGGCCTT","hsHLH1","wt","150715_SND104_A_L006_HUZ-51_R1/quant.sf","noHLH1","6","200_starved_noHs_hsHLH1_wt_HUZ-51_6","L2","L2","L2"
150715,"L006","HUZ-52","218","noHs","starved","GTTTCGGA","wt","wt","150715_SND104_A_L006_HUZ-52_R1/quant.sf","noHLH1","6","218_starved_noHs_wt_wt_HUZ-52_6","L1","L1","L1"
150715,"L006","HUZ-53","200","hs","fed","CGTACGTA","hsHLH1","wt","150715_SND104_A_L006_HUZ-53_R1/quant.sf","HLH1exp","6","200_fed_hs_hsHLH1_wt_HUZ-53_6","L2","L2","L2"
150715,"L006","HUZ-54","218","hs","fed","GAGTGGAT","wt","wt","150715_SND104_A_L006_HUZ-54_R1/quant.sf","noHLH1","6","218_fed_hs_wt_wt_HUZ-54_6","L2","L2","L2"
150715,"L006","HUZ-55","285","hs","fed","ACTGATAT","hsHLH1","mes2","150715_SND104_A_L006_HUZ-55_R1/quant.sf","HLH1exp","6","285_fed_hs_hsHLH1_mes2_HUZ-55_6","L2","L1","L2"
150715,"L006","HUZ-56","284","hs","fed","ATTCCTTT","wt","mes2","150715_SND104_A_L006_HUZ-56_R1/quant.sf","noHLH1","6","284_fed_hs_wt_mes2_HUZ-56_6","L2","L2","L2"
150715,"L006","HUZ-57","200","hs","starved","ATCACG","hsHLH1","wt","150715_SND104_A_L006_HUZ-57_R1/quant.sf","HLH1exp","6","200_starved_hs_hsHLH1_wt_HUZ-57_6","L2","L2","L2"
150715,"L006","HUZ-58","218","hs","starved","CGATGT","wt","wt","150715_SND104_A_L006_HUZ-58_R1/quant.sf","noHLH1","6","218_starved_hs_wt_wt_HUZ-58_6","L2","L2","L2"
150715,"L006","HUZ-59","285","hs","starved","TTAGGC","hsHLH1","mes2","150715_SND104_A_L006_HUZ-59_R1/quant.sf","HLH1exp","6","285_starved_hs_hsHLH1_mes2_HUZ-59_6","L2","L2","L2"
150715,"L006","HUZ-60","284","hs","starved","TGACCA","wt","mes2","150715_SND104_A_L006_HUZ-60_R1/quant.sf","noHLH1","6","284_starved_hs_wt_mes2_HUZ-60_6","L2","L2","L2"
150730,"L006","HUZ-49","285","noHs","fed","GTCCGCAC","hsHLH1","mes2","150730_SND104_A_L006_HUZ-49_R1/quant.sf","noHLH1","7","285_fed_noHs_hsHLH1_mes2_HUZ-49_7","L2","L1","L2"
150730,"L006","HUZ-50","284","noHs","fed","GTGAAACG","wt","mes2","150730_SND104_A_L006_HUZ-50_R1/quant.sf","noHLH1","7","284_fed_noHs_wt_mes2_HUZ-50_7","L2","L1","L2"
150730,"L006","HUZ-51","200","noHs","starved","GTGGCCTT","hsHLH1","wt","150730_SND104_A_L006_HUZ-51_R1/quant.sf","noHLH1","7","200_starved_noHs_hsHLH1_wt_HUZ-51_7","L2","L2","L2"
150730,"L006","HUZ-52","218","noHs","starved","GTTTCGGA","wt","wt","150730_SND104_A_L006_HUZ-52_R1/quant.sf","noHLH1","7","218_starved_noHs_wt_wt_HUZ-52_7","L1","L1","L1"
150730,"L006","HUZ-53","200","hs","fed","CGTACGTA","hsHLH1","wt","150730_SND104_A_L006_HUZ-53_R1/quant.sf","HLH1exp","7","200_fed_hs_hsHLH1_wt_HUZ-53_7","L2","L2","L2"
150730,"L006","HUZ-54","218","hs","fed","GAGTGGAT","wt","wt","150730_SND104_A_L006_HUZ-54_R1/quant.sf","noHLH1","7","218_fed_hs_wt_wt_HUZ-54_7","L2","L2","L2"
150730,"L006","HUZ-55","285","hs","fed","ACTGATAT","hsHLH1","mes2","150730_SND104_A_L006_HUZ-55_R1/quant.sf","HLH1exp","7","285_fed_hs_hsHLH1_mes2_HUZ-55_7","L2","L2","L2"
150730,"L006","HUZ-56","284","hs","fed","ATTCCTTT","wt","mes2","150730_SND104_A_L006_HUZ-56_R1/quant.sf","noHLH1","7","284_fed_hs_wt_mes2_HUZ-56_7","L2","L2","L2"
150730,"L006","HUZ-57","200","hs","starved","ATCACG","hsHLH1","wt","150730_SND104_A_L006_HUZ-57_R1/quant.sf","HLH1exp","7","200_starved_hs_hsHLH1_wt_HUZ-57_7","L2","L2","L2"
150730,"L006","HUZ-58","218","hs","starved","CGATGT","wt","wt","150730_SND104_A_L006_HUZ-58_R1/quant.sf","noHLH1","7","218_starved_hs_wt_wt_HUZ-58_7","L2","L2","L2"
150730,"L006","HUZ-59","285","hs","starved","TTAGGC","hsHLH1","mes2","150730_SND104_A_L006_HUZ-59_R1/quant.sf","HLH1exp","7","285_starved_hs_hsHLH1_mes2_HUZ-59_7","L2","L2","L2"
150730,"L006","HUZ-60","284","hs","starved","TGACCA","wt","mes2","150730_SND104_A_L006_HUZ-60_R1/quant.sf","noHLH1","7","284_starved_hs_wt_mes2_HUZ-60_7","L2","L2","L2"
